{
    "classmates" : [
        {
            "id" : 2281009,
            "name" : "Deca Kezia Caren",
            "age" : "20",
            "grade" : "A",
            "favoriteSubject" : 
            {
                "subjectName" : "Daniel & Revelation",
                "reasonForInterest" : "We have to go to Heaven",
                "favoriteTopic" : "New Earth & New Heavens"
            },

            "hobbies" : 
            {
                "hobbyName" : "Reading",
                "yearsInvolved" : "15 Years",
                "skillLevel" : "95"
            },
            "personalGoals" : "We should go to Heaven Lah"
        },

        {
            "id" : 2281026,
            "name" : "Glori Yani Hutabarat",
            "age" : "20",
            "grade" : "A",
            "favoriteSubject" : 
            {
                "subjectName" : "Web Programming II",
                "reasonForInterest" : "Because the lecturer is Sir Andrew",
                "favoriteTopic" : "Java Script"
            },

            "hobbies" : 
            {
                "hobbyName" : "Basket Ball",
                "yearsInvolved" : "7 Years",
                "skillLevel" : "60"
            },
            "personalGoals" : "becoming a successful person"
        },

        {
            "id" : 2281020,
            "name" : "Yosia Evan",
            "age" : "19",
            "grade" : "A",
            "favoriteSubject" : 
            {
                "subjectName" : "Web Programming II",
                "reasonForInterest" : "Fun",
                "favoriteTopic" : "Java Script"
            },

            "hobbies" : 
            {
                "hobbyName" : "Reading",
                "yearsInvolved" : "6 Month",
                "skillLevel" : "90"
            },
            "personalGoals" : "Starting good habits"
        },

        {
            "id" : 2281072,
            "name" : "Hermina Harefa",
            "age" : "20",
            "grade" : "A",
            "favoriteSubject" : 
            {
                "subjectName" : "Pemrograman Bergerak",
                "reasonForInterest" : "Easy to Learn",
                "favoriteTopic" : "Registration"
            },

            "hobbies" : 
            {
                "hobbyName" : "Footsal",
                "yearsInvolved" : "1 Year",
                "skillLevel" : "70"
            },
            "personalGoals" : "Raise the status of the Family"
        },

        {
            "id" : 2132035,
            "name" : "Jesicha Hilery",
            "age" : "20",
            "grade" : "A",
            "favoriteSubject" : 
            {
                "subjectName" : "E-commerce",
                "reasonForInterest" : "Easy",
                "favoriteTopic" : "Digital Marketing"
            },

            "hobbies" : 
            {
                "hobbyName" : "Baking",
                "yearsInvolved" : "9 Years",
                "skillLevel" : "80"
            },
            "personalGoals" : "Becoming an Auditor or Manager"
        },

        {
            "id" : 2132034,
            "name" : "Michella Ellena Virginia Silitonga",
            "age" : "21",
            "grade" : "A",
            "favoriteSubject" : 
            {
                "subjectName" : "Hukum Bisnis",
                "reasonForInterest" : "Because, she wants to be a tax consultant",
                "favoriteTopic" : "Merger"
            },

            "hobbies" : 
            {
                "hobbyName" : "Eating spicy foods (ASMR)",
                "yearsInvolved" : "5 years",
                "skillLevel" : "90"
            },
            "personalGoals" : "She wants to take her parents to travel to europe"
        },

        {
            "id" : 2021026,
            "name" : "Nicole Jeanine Wuisan",
            "age" : "22",
            "grade" : "A",
            "favoriteSubject" : 
            {
                "subjectName" : "Public Speaking",
                "reasonForInterest" : "The classes are challenging, and the techniques are fun",
                "favoriteTopic" : "Waste of Presenting"
            },

            "hobbies" : 
            {
                "hobbyName" : "Reading",
                "yearsInvolved" : "21 Years",
                "skillLevel" : "80"
            },
            "personalGoals" : "Be better than I was yesterday"
        },

        {
            "id" : 2021024,
            "name" : "Ferdi Yohanes",
            "age" : "20",
            "grade" : "A",
            "favoriteSubject" : 
            {
                "subjectName" : "Web Programming",
                "reasonForInterest" : "Interesting",
                "favoriteTopic" : "HTML"
            },

            "hobbies" : 
            {
                "hobbyName" : "Playing Games",
                "yearsInvolved" : "3 Years",
                "skillLevel" : "85"
            },
            "personalGoals" : "Always being a good person"
        }


    ]

}